"iso3","country","pm25","water_access","sanitation_access","life_exp","population","continent","pm25_score","water_stress","sanit_stress","env_stress"
"AFG","Afghanistan",46.0870936659706,72.1820710205908,48.9056813120247,61.454,39068979,"Asia",54.1421801320098,27.8179289794092,51.0943186879753,44.3514759331314
"AGO","Angola",25.1452381976267,64.9440305436538,49.8016376564917,63.116,33451132,"Africa",29.5401143284379,35.0559694563462,50.1983623435083,38.2648153760975
"ALB","Albania",15.7070036417042,95.0680381522002,99.298792439378,77.824,2528480,"Europe",18.452268365345,4.9319618477998,0.701207560621995,8.02847925792227
"AND","Andorra",9.08028059086901,99.9999952180714,99.9999952180714,79.418,77380,"Europe",10.6673289264718,4.78192859532101e-06,4.78192859532101e-06,3.55577949677632
"ARE","United Arab Emirates",36.3055030826594,99.9999979225426,99.0960113749665,81.936,9401038,"Asia",42.6509664925121,2.07745739544407e-06,0.903988625033506,14.518319065001
"ARM","Armenia",30.5796334750125,99.4561137881716,92.7619845664061,73.3756097560976,2961500,"Asia",35.9243313534749,0.543886211828394,7.2380154335939,14.5687443329657
"ASM","American Samoa",6.71514739512663,99.7427169210217,62.1354996547904,72.672,49761,"Oceania",7.88881855981285,0.257283078978304,37.8645003452096,15.3368673280003
"ATG","Antigua and Barbuda",19.6982695582914,98.9224941519798,99.6041813873018,77.161,91846,"Americas",23.1411263735508,1.07750584802019,0.395818612698207,8.20481694475639
"AUS","Australia",8.25171746070811,99.9698157102474,100,83.2,25649248,"Oceania",9.6939498158459,0.0301842897525972,0,3.2413780351995
"AUT","Austria",10.9335136815146,99.9999975918171,99.9726022326155,81.1926829268293,8916864,"Europe",12.8444694627695,2.40818289398703e-06,0.0273977673844996,4.29062321277896
"AZE","Azerbaijan",21.7269999756599,94.1597003364215,94.4852164889199,70.312,10093121,"Asia",25.5244375993041,5.84029966357851,5.5147835110801,12.2931735913209
"BDI","Burundi",29.6541345084659,64.4028716190814,44.4548070620661,62.569,12617036,"Africa",34.8370739941384,35.5971283809186,55.5451929379339,41.993131770997
"BEL","Belgium",11.2160664677018,100,99.4862025266725,80.6951219512195,11538604,"Europe",13.1764067282744,0,0.5137974733275,4.56340140053395
"BEN","Benin",51.0478241974862,68.3129505616936,19.501704357901,60.154,13070169,"Africa",59.9699454489187,31.6870494383064,80.498295642099,57.385096843108
"BFA","Burkina Faso",58.4706762025055,50.3862637931321,27.7597483878875,60.454,21478690,"Africa",68.6901609882585,49.6137362068679,72.2402516121125,63.5147162690796
"BGD","Bangladesh",42.3813762359965,98.2725719690138,59.7111659386902,71.421,166298024,"Asia",49.7887786772305,1.7274280309862,40.2888340613098,30.6016802565088
"BGR","Bulgaria",17.1474236131426,99.2544596990953,86.0351484540034,73.3560975609756,6550696,"Europe",20.1444444466705,0.745540300904693,13.9648515459966,11.6182787645239
"BHR","Bahrain",58.4950629834781,99.9198990209829,100,78.683,1472204,"Asia",68.7188100824676,0.0801009790171037,0,22.9329703538282
"BLR","Belarus",14.6089903841381,99.2623480849323,99.5940049296976,72.1385609756098,9379952,"Europe",17.1623447262162,0.737651915067701,0.405995070302396,6.10199723719544
"BLZ","Belize",28.6518070195516,94.3918809907388,84.1193982319828,71.58,390812,"Americas",33.6595600495754,5.6081190092612,15.8806017680172,18.3827602756179
"BMU","Bermuda",7.33600052500811,100,99.9416526015971,81.456,64382,"Americas",8.6181841873613,0,0.0583473984029013,2.89217719525474
"BOL","Bolivia",22.879459074231,91.6695086739786,65.4426819747995,62.906,11816299,"Americas",26.8783231049046,8.3304913260214,34.5573180252005,23.2553774853755
"BRA","Brazil",12.1793252040724,99.0720677672897,89.5591441286736,74.506,208660842,"Americas",14.3080234970882,0.927932232710305,10.4408558713264,8.55893720037499
"BRB","Barbados",23.7309657842996,99.0199303950083,97.3312392700884,76.647,281698,"Americas",27.8786558664862,0.980069604991698,2.6687607299116,10.5091620671298
"BRN","Brunei Darussalam",7.59726503432135,100,97.0475546033103,75.114,447404,"Asia",8.9251124182422,0,2.9524453966897,3.95918593831063
"BTN","Bhutan",23.9456576369223,99.0775205402574,80.5347803811223,72.253,770006,"Asia",28.1308714876712,0.922479459742604,19.4652196188777,16.1728568554305
"BWA","Botswana",18.9057549925814,91.5461365187927,70.3974291175514,67.643,2365894,"Africa",22.2100963831395,8.45386348120731,29.6025708824486,20.0888435822651
"CAF","Central African Republic",34.4334184466457,37.2024024961025,14.1186349646869,50.596,5026628,"Africa",40.4516795441954,62.7975975038975,85.8813650353131,63.0435473611353
"CAN","Canada",6.56566994375263,98.4952442433058,98.6730086081464,81.53,38028638,"Americas",7.71321549061909,1.50475575669419,1.3269913918536,3.51498754638896
"CHE","Switzerland",9.06104968621636,100,99.8998740977632,83,8638167,"Europe",10.6447368508822,0,0.100125902236798,3.58162091770633
"CHL","Chile",23.2750668049145,98.671391193466,99.3144814902357,79.349,19370624,"Americas",27.3430750194324,1.32860880653401,0.685518509764293,9.78573411191023
"CHN","China",34.8105237153218,93.9705270769772,92.8514975328901,78.019,1411100000,"Asia",40.8946951427352,6.02947292302279,7.14850246710991,18.024223510956
"CIV","Cote d'Ivoire",49.4977827339493,75.9870680852305,36.7505613601134,60.14,28915449,"Africa",58.1489882686037,24.0129319147695,63.2494386398866,48.4704529410866
"CMR","Cameroon",39.8126251004519,69.29764588045,45.2885112207418,61.674,26210558,"Africa",46.7710620969018,30.70235411955,54.7114887792582,44.06163499857
"COD","Congo, Dem. Rep.",26.6494833206385,35.5104494105668,16.1158651582213,60.428,95989998,"Africa",31.3072708994962,64.4895505894332,83.8841348417787,59.8936521102361
"COG","Congo, Rep.",28.5737499496554,73.2936799973637,20.4597460251332,64.391,5752791,"Africa",33.5678601917035,26.7063200026363,79.5402539748668,46.6048113897356
"COL","Colombia",14.1832514905064,96.3025836876793,93.0987394041419,74.757,50629997,"Americas",16.662195334387,3.6974163123207,6.9012605958581,9.08695741418861
"COM","Comoros",11.9332724091044,85.4750115485724,52.6066035113726,65.756,802163,"Africa",14.0189656787824,14.5249884514276,47.3933964886274,25.3124502062791
"CPV","Cabo Verde",42.3225220905558,88.5325658069206,80.9181460926349,73.818,514679,"Africa",49.7196380243817,11.4674341930794,19.0818539073651,26.7563087082754
"CRI","Costa Rica",14.3075712471404,99.8105394546059,98.0823538854413,79.725,5034320,"Americas",16.8082436555598,0.189460545394098,1.91764611455871,6.30511677183752
"CUB","Cuba",21.2367242811561,94.3125042863125,92.1835753798285,77.407,11176354,"Americas",24.9484716866223,5.6874957136875,7.8164246201715,12.8174640068271
"CYP","Cyprus",13.508701890821,99.7455373868703,99.4959339092573,81.23,1302247,"Asia",15.8697481864101,0.254462613129704,0.504066090742697,5.54275896342751
"CZE","Czechia",14.1110711384133,98.7321788477487,99.0728030542538,78.2268292682927,10697858,"Europe",16.5773993250457,1.2678211522513,0.927196945746203,6.25747247434772
"DEU","Germany",10.2876894329414,99.9999988416059,99.2256156866511,81.0414634146342,83160871,"Europe",12.0857682729462,1.15839409886576e-06,0.774384313348904,4.2867179148964
"DJI","Djibouti",35.9243304831101,78.7317549952208,66.7421157146302,64.2,1105188,"Africa",42.2031726764004,21.2682450047792,33.2578842853698,32.2431006555165
"DNK","Denmark",9.06983927345931,100,99.5972310070963,81.6024390243903,5831404,"Europe",10.6550626791768,0,0.402768992903702,3.68594389069351
"DOM","Dominican Republic",19.8267440369685,96.8998955257888,88.0566185078015,72.636,11008300,"Americas",23.2920555776641,3.10010447421119,11.9433814921985,12.7785138480246
"DZA","Algeria",25.5526558310447,92.1378242692677,85.9654731245039,73.257,44042091,"Africa",30.0187402764603,7.8621757307323,14.0345268754961,17.3051476275629
"ECU","Ecuador",16.6570210758922,91.4742997917839,88.1817507856303,72.004,17546065,"Americas",19.5683295217103,8.52570020821609,11.8182492143697,13.304092981432
"EGY","Egypt, Arab Rep.",54.8587056496436,97.5705329201433,96.21249765428,69.79,109315124,"Africa",64.4468914577053,2.42946707985671,3.78750234572,23.5546202944273
"ESP","Spain",9.58105460690675,99.9256069689441,99.9191055578582,82.2317073170732,47359424,"Europe",11.255628053734,0.0743930310559051,0.0808944421417976,3.80363850897725
"EST","Estonia",6.14573290973003,99.9945255363523,99.0280228246995,78.5951219512195,1329522,"Europe",7.21988200543685,0.0054744636477011,0.971977175300495,2.73244454812835
"ETH","Ethiopia",27.3053276470482,49.6550451612317,9.01330021395482,65.969,118917671,"Africa",32.0777434729328,50.3449548387683,90.9866997860452,57.8031326992487
"FIN","Finland",4.89518090216668,99.9999988873824,99.4479703400958,81.9317073170732,5529543,"Europe",5.75075894576484,1.11261759627723e-06,0.552029659904207,2.10092990609555
"FJI","Fiji",12.4187981716598,95.4183568880338,93.6215609537076,66.924,914963,"Oceania",14.5893514680346,4.5816431119662,6.3784390462924,8.51647787543108
"FRA","France",9.60038144780495,100,98.6476102264443,82.1756097560976,67601110,"Europe",11.2783328332733,0,1.3523897735557,4.21024086894301
"FSM","Micronesia, Fed. Sts.",12.1144203347628,89.8819541513315,90.4539007167041,65.878,110916,"Oceania",14.2317745769226,10.1180458486685,9.5460992832959,11.2986399029623
"GAB","Gabon",29.9548734558765,87.7393004139279,52.8720170958258,67.073,2322539,"Africa",35.1903759919044,12.2606995860721,47.1279829041742,31.5263528273836
"GBR","United Kingdom",9.91288560282114,100,99.1069628063769,80.331756097561,66744000,"Europe",11.6454563576057,0,0.893037193623101,4.17949785040961
"GEO","Georgia",17.0438421058507,96.7382823190877,88.1470373073336,73.509,3722716,"Asia",20.022758998966,3.2617176809123,11.8529626926664,11.7124797908482
"GHA","Ghana",54.2427873097724,85.8052795210658,26.5532224510153,64.309,31887809,"Africa",63.7233231210771,14.1947204789342,73.4467775489847,50.4549403829987
"GIN","Guinea",43.7674450148382,69.4483664321703,28.8045342946628,59.35,13371183,"Africa",51.417104083109,30.5516335678297,71.1954657053372,51.054734452092
"GMB","Gambia, The",58.3640402179659,85.0680326919843,47.3645750957407,64.418,2515733,"Africa",68.5648872028178,14.9319673080157,52.6354249042593,45.3774264716976
"GNB","Guinea-Bissau",50.2127655060307,61.4023709076856,27.2502045881432,61.343,2013255,"Africa",58.9889354850171,38.5976290923144,72.7497954118568,56.7787866630628
"GRC","Greece",14.4089280374361,99.9999990325072,98.9937448356397,81.2878048780488,10698599,"Europe",16.9273155509925,9.67492795211911e-07,1.0062551643603,5.97785722761519
"GRL","Greenland",6.55624754182179,100,62.5,71.2858536585366,56367,"Americas",7.70214624450187,0,37.5,15.0673820815006
"GTM","Guatemala",21.6357355920496,92.3138179561227,68.8862996420965,69.971,17357325,"Americas",25.417222057945,7.6861820438773,31.1137003579035,21.4057014865753
"GUM","Guam",9.57510553293178,99.5242333892321,90.2490294142436,75.529,162158,"Oceania",11.2486392026447,0.475766610767906,9.75097058575641,7.15845879972301
"GUY","Guyana",25.460668047299,95.0516966520853,90.0231335168154,67.751,807481,"Americas",29.9106748993376,4.9483033479147,9.97686648318459,14.9452815768123
"HND","Honduras",20.3136833896573,94.3301083793908,84.0337747326909,70.864,10119640,"Americas",23.8641020238497,5.66989162060921,15.9662252673091,15.166739637256
"HRV","Croatia",16.1208592960264,99.9019753269295,95.7800263365526,77.5243902439024,3914206,"Europe",18.9384575693631,0.0980246730704977,4.2199736634474,7.75215196862699
"HTI","Haiti",21.3502554448061,70.4880763209359,28.6576196940519,63.773,11243848,"Americas",25.0818457882197,29.5119236790641,71.3423803059481,41.9787165910773
"HUN","Hungary",14.1364995764273,99.7437164369776,97.9837062795673,75.419512195122,9670419,"Europe",16.6072721367575,0.256283563022393,2.0162937204327,6.29328314007086
"IDN","Indonesia",17.8814994983985,89.0851606060889,82.2571090356155,68.817,274814866,"Asia",21.0068218640479,10.9148393939111,17.7428909643845,16.5548507407812
"IND","India",48.3948115195574,93.0977309081783,72.0482326780192,70.156,1402617695,"Asia",56.8532401226511,6.90226909182169,27.9517673219808,30.5690921788179
"IRL","Ireland",8.17058601306707,97.0298506240387,89.7865313699403,82.4560975609756,5039747,"Europe",9.5986382415386,2.9701493759613,10.2134686300597,7.5940854158532
"IRN","Iran, Islamic Rep.",32.2873733599003,97.3960598410528,90.2667726388145,74.141,87723443,"Asia",37.930549431281,2.6039401589472,9.7332273611855,16.7559056504712
"IRQ","Iraq",38.1750699787954,98.3599044196543,98.4932660483814,69.651,42116605,"Asia",44.8472956512366,1.6400955803457,1.5067339516186,15.9980417277336
"ISL","Iceland",5.10554827500189,99.9999964455788,98.7805419679259,83.0634146341463,366463,"Europe",5.99789425606433,3.55442119825966e-06,1.2194580320741,2.40578528085321
"ISR","Israel",18.5982756348314,99.9999976530211,99.9360127624406,82.6487804878049,9215100,"Asia",21.8488758884207,2.34697890277857e-06,0.0639872375594024,7.30428849098632
"ITA","Italy",14.6586386239905,99.9170340740928,99.8851578267552,82.1951219512195,59438851,"Europe",17.220670468447,0.0829659259072031,0.114842173244796,5.80615952253299
"JAM","Jamaica",17.413637041591,88.8977273219084,89.5245308476169,71.452,2830739,"Americas",20.4571865670801,11.1022726780916,10.4754691523831,14.0116427991849
"JOR","Jordan",28.7737639174179,99.1712730302314,96.8379669917401,75.583,10865228,"Asia",33.8028325323333,0.828726969768596,3.1620330082599,12.5978641701206
"JPN","Japan",12.835201662985,99.0783962742638,99.9523862975872,84.56,126261000,"Asia",15.0785338191355,0.921603725736205,0.0476137024128036,5.34925041576152
"KAZ","Kazakhstan",20.0278724259165,96.9217657494766,97.9463161907176,71.195,19482117,"Asia",23.5283371176329,3.07823425052339,2.0536838092824,9.55341839247958
"KEN","Kenya",24.3917906517518,62.318211896262,38.018340896347,61.596,52217334,"Africa",28.6549794782249,37.681788103738,61.981659103653,42.7728088952053
"KGZ","Kyrgyz Republic",24.3817252281764,92.5873159897583,98.017628465842,71.8,6726596,"Asia",28.6431548233601,7.4126840102417,1.98237153415801,12.6794034559199
"KHM","Cambodia",24.1436022803452,78.6484857238686,70.4910427870757,70.059,16725474,"Asia",28.3634128281611,21.3515142761314,29.5089572129243,26.4079614390723
"KIR","Kiribati",11.2568272545112,76.6890512985404,44.2810965836604,65.205,126099,"Oceania",13.2242916714594,23.3109487014596,55.7189034163396,30.7513812630862
"KOR","Korea, Rep.",25.9439899531653,99.7656731282421,99.7948537857931,83.4268292682927,51836239,"Asia",30.4784716425825,0.234326871757901,0.205146214206906,10.3059815761824
"KWT","Kuwait",53.7151434413218,100,100,78.7609756097561,4400267,"Asia",63.1034578377885,0,0,21.0344859459295
"LAO","Lao PDR",22.3176670505669,85.8856322944911,80.7027420895793,68.339,7346533,"Asia",26.2183412635153,14.1143677055089,19.2972579104207,19.8766556264816
"LBN","Lebanon",19.2310172881236,92.6,99.2,76.299,5702398,"Asia",22.5922079114349,7.40000000000001,0.799999999999997,10.2640693038116
"LBR","Liberia",42.3616590279287,76.193954779971,21.0772995001903,61.267,5149463,"Africa",49.7656153022812,23.806045220029,78.9227004998097,50.83145367404
"LBY","Libya",32.9707065002742,95.2627789492743,88.9267133718033,72.388,7045399,"Africa",38.7333153041833,4.73722105072569,11.0732866281967,18.1812743277019
"LCA","St. Lucia",23.7585855502375,97.2192348527324,83.3681101145383,72.308,178250,"Americas",27.9111030056669,2.7807651472676,16.6318898854617,15.7745860127987
"LKA","Sri Lanka",19.9644408635608,89.3024800646489,93.3463184770693,76.928,21919000,"Asia",23.4538190085066,10.6975199353511,6.6536815229307,13.6016734889295
"LSO","Lesotho",23.4391013240086,75.7168396878056,42.7284382834052,55.133,2235727,"Africa",27.5357794356629,24.2831603121944,57.2715617165948,36.3635004881507
"LTU","Lithuania",9.21893860360944,98.8922199280899,94.786284769893,75.0292682926829,2810369,"Europe",10.8302215392486,1.1077800719101,5.213715230107,5.71723894708855
"LUX","Luxembourg",8.67476189540246,100,97.6101288941599,82.1439024390244,630419,"Europe",10.1909338121264,0,2.3898711058401,4.19360163932215
"LVA","Latvia",11.6020322023647,98.63057400499,91.7520645595703,75.1853658536585,1900449,"Europe",13.6298314220153,1.36942599501,8.2479354404297,7.74906428581833
"MAR","Morocco",21.3212642117301,87.9176789567835,87.2504334400562,73.133,36584208,"Africa",25.0477874773437,12.0823210432165,12.7495665599438,16.626558360168
"MCO","Monaco",9.5810695715317,100,100,86.089,38050,"Europe",11.255645633871,0,0,3.75188187795701
"MDA","Moldova",14.7583463021422,90.9779971950064,84.4032169070888,69.914,2635130,"Europe",17.3378050204793,9.0220028049936,15.5967830929112,13.985530306128
"MDG","Madagascar",12.7535199510191,52.2020747813196,13.6947390405503,62.706,28953556,"Africa",14.9825758054929,47.7979252186804,86.3052609594497,49.695253994541
"MDV","Maldives",12.0123911668511,99.6489940790337,97.1213636398167,78.713,502118,"Asia",14.1119127859441,0.351005920966301,2.87863636018329,5.78051835569791
"MEX","Mexico",14.9923440243315,98.7408072689782,91.6152077254503,70.449,126799054,"Americas",17.6127007845098,1.2591927310218,8.3847922745497,9.08556193002709
"MHL","Marshall Islands",10.7256194470999,87.6339278712455,78.6065823369048,65.387,42706,"Oceania",12.6002395451777,12.3660721287545,21.3934176630952,15.4532431123425
"MKD","North Macedonia",26.118651401474,98.049753932852,98.4277706026568,74.3951219512195,1856124,"Europe",30.6836603590806,1.950246067148,1.57222939734319,11.4020452745239
"MLI","Mali",56.7830489222988,80.8342374526546,42.5396302417606,58.858,21713836,"Africa",66.7075707892998,19.1657625473454,57.4603697582394,47.7779010316282
"MLT","Malta",11.7226648774147,100,99.9952644133915,82.0975609756098,515490,"Europe",13.771548234746,0,0.00473558660850415,4.59209460711817
"MMR","Myanmar",32.3150340028667,83.6954599459105,73.6368737740023,66.612,53016522,"Asia",37.9630445919633,16.3045400540895,26.3631262259977,26.8769036240168
"MNE","Montenegro",17.9824100566499,99.2839751783308,97.771772470462,75.9317073170732,626590,"Europe",21.1253695351522,0.716024821669194,2.228227529538,8.02320729545314
"MNG","Mongolia",29.6547866481682,82.994734823721,68.7755717433728,71.3490243902439,3327204,"Asia",34.8378401145948,17.005265176279,31.2244282566272,27.689177849167
"MNP","Northern Mariana Islands",9.71463085081006,100,99.2362866028457,78.03,47528,"Oceania",11.4125507078547,0,0.763713397154305,4.05875470166966
"MOZ","Mozambique",20.0802484321177,58.2943448564578,33.3404532645595,61.39,30783688,"Africa",23.5898673842819,41.7056551435422,66.6595467354405,43.9850230877549
"MRT","Mauritania",70.8224442103687,71.7451315704303,51.8124755125379,66.794,4600131,"Africa",83.200766783397,28.2548684295697,48.1875244874621,53.2143865668096
"MUS","Mauritius",9.15296880580014,99.8294531889086,96.2430585209024,74.1770731707317,1266014,"Africa",10.7527215627443,0.170546811091398,3.75694147909761,4.89340328431109
"MWI","Malawi",23.6983194353464,69.8639475231257,44.9611479828173,65.216,19533888,"Africa",27.8403035998302,30.1360524768743,55.0388520171827,37.6717360312957
"MYS","Malaysia",16.1938532237922,97.7301935332944,95.9966449391973,76.057,33889558,"Asia",19.0242093508549,2.2698064667056,4.0033550608027,8.43245695945441
"NAM","Namibia",19.9945355710926,84.9689182481296,37.3147816708838,64.071,2728762,"Africa",23.4891736587264,15.0310817518704,62.6852183291162,33.7351579132377
"NER","Niger",85.1223455605238,50.7254664539795,14.5380631441061,59.89,23717613,"Africa",100,49.2745335460205,85.4619368558939,78.2454901339715
"NGA","Nigeria",56.5313287289257,76.2190366017765,44.3511472247714,53.072,213996181,"Africa",66.4118550266342,23.7809633982235,55.6488527752286,48.6138904000288
"NLD","Netherlands",10.8892498470498,99.999999064231,97.6857903463505,81.3585365853659,17441500,"Europe",12.7924692104582,9.35768994736463e-07,2.3142096536495,5.03555993329222
"NOR","Norway",6.05589724673443,100,98.0510810985992,83.209756097561,5379475,"Europe",7.11434489599274,0,1.9489189014008,3.02108793246452
"NPL","Nepal",45.7207706412594,91.5076217588488,72.4985122908231,69.106,28966574,"Asia",53.7118312943467,8.4923782411512,27.5014877091769,29.9018990815583
"NRU","Nauru",6.06435493209495,97.95964456816,69.9202204676336,61.527,11643,"Oceania",7.12428081270748,2.04035543184,30.0797795323664,13.081471925638
"NZL","New Zealand",6.48591499675774,100,100,82.2560975609756,5072400,"Oceania",7.61952100127001,0,0,2.53984033375667
"OMN","Oman",39.5835768902765,92.1680305395851,99.320248468501,77.763,4522497,"Asia",46.5019809189019,7.8319694604149,0.679751531498994,18.3379006369386
"PAK","Pakistan",42.9981734249878,90.3763302585524,67.9433820948755,65.701,235001746,"Asia",50.5133794679274,9.6236697414476,32.0566179051245,30.7312223714998
"PAN","Panama",11.4700607490209,94.4306492571863,84.3402384762944,76.33,4293261,"Americas",13.4747940431992,5.5693507428137,15.6597615237056,11.5679687699062
"PER","Peru",27.0356284968814,93.351440846039,76.6882865431078,73.832,32838579,"Americas",31.7609063975551,6.648559153961,23.3117134568922,20.5737263361361
"PHL","Philippines",20.2887417122616,94.2767858134665,82.5280655331601,70.097,112081264,"Asia",23.8348010486105,5.7232141865335,17.4719344668399,15.6766499006613
"PLW","Palau",7.32770979431049,99.5159760034998,98.5405897338691,68.689,17792,"Oceania",8.60844440558834,0.484023996500198,1.4594102661309,3.51729288940648
"PNG","Papua New Guinea",17.3105425567239,49.3273961743901,22.169086312378,65.075,9815746,"Oceania",20.3360732634132,50.6726038256099,77.830913687622,49.6131969255484
"POL","Poland",17.9583314936851,92.2480567425882,98.9575085375078,76.4,37515748,"Europe",21.0970825291889,7.7519432574118,1.04249146249219,9.96383908303098
"PRI","Puerto Rico (US)",7.18841521712249,100,100,80.009,3281590,"Americas",8.44480396984758,0,0,2.81493465661586
"PRK","Korea, Dem. People's Rep.",29.9291062464217,93.8438447876847,84.6654650844227,72.783,26136312,"Asia",35.1601051983953,6.1561552123153,15.3345349155773,18.8835984420959
"PRT","Portugal",8.45242266236737,99.2320711795606,99.6529221881304,81.3292682926829,10297081,"Europe",9.92973420399643,0.767928820439394,0.347077811869596,3.68158027876847
"PRY","Paraguay",10.0891599097852,99.046227094695,92.4079453626308,72.72,6603739,"Americas",11.8525398276433,0.953772905305001,7.5920546373692,6.79945579010582
"PSE","West Bank and Gaza",26.3636264444046,98.9584055042094,98.6215954059263,74.998,4803269,"Asia",30.9714520562165,1.0415944957906,1.3784045940737,11.1304837153603
"QAT","Qatar",75.6630329481338,99.9766796628058,99.9365456058699,80.409,2794148,"Asia",88.8873919649404,0.0233203371942068,0.0634543941301047,29.6580555654216
"ROU","Romania",14.8501731264834,99.9999987108397,87.7922191507809,74.2536585365854,19265250,"Europe",17.4456813057678,1.2891602949594e-06,12.2077808492191,9.88448781471575
"RUS","Russian Federation",11.2727775886895,96.7753426009288,89.7409453652069,71.3387804878049,145245148,"Europe",13.2430297995892,3.22465739907121,10.2590546347931,8.90891394448452
"RWA","Rwanda",31.2882654917538,59.0523587439994,75.8419280137536,66.953,13065837,"Africa",36.7568178317022,40.9476412560006,24.1580719862464,33.9541770246497
"SAU","Saudi Arabia",53.1486013629285,99.0470900170106,97.5871417429561,77.596,31552510,"Asia",62.4378957287293,0.952909982989397,2.41285825704389,21.9345546562542
"SDN","Sudan",45.8349025581217,61.0926356052486,54.1197261681039,65.124,46789231,"Africa",53.8459111485974,38.9073643947514,45.8802738318961,46.2111831250816
"SEN","Senegal",63.7402211262202,83.4855735664121,58.276399086684,67.496,16789219,"Africa",74.8807151711997,16.5144264335879,41.723600913316,44.3729141727012
"SGP","Singapore",13.8691955865476,100,100,83.5439024390244,5685807,"Asia",16.2932488469626,0,0,5.43108294898755
"SLB","Solomon Islands",13.9542830081778,71.4129793033283,33.2293129783629,69.258,744498,"Oceania",16.3932078190397,28.5870206966717,66.7706870216371,37.2503051791162
"SLE","Sierra Leone",43.2210935036927,63.4122118828476,21.0167123808123,59.694,7912558,"Africa",50.7752614417346,36.5877881171524,78.9832876191877,55.4487790593582
"SLV","El Salvador",20.0287144500145,89.9923610939187,87.0096574927862,70.244,6234673,"Americas",23.5293263104148,10.0076389060813,12.9903425072138,15.50910257457
"SMR","San Marino",10.6908983278922,100,100,82.65,34770,"Europe",12.5594498806318,0,0,4.18648329354394
"SOM","Somalia, Fed. Rep.",24.525108218562,65.5578267078208,40.2756265135548,57.095,16651191,"Africa",28.8115982437586,34.4421732921792,59.7243734864452,40.992715007461
"SRB","Serbia",22.5075355689004,95.0575271243011,97.9188486059038,74.4780487804878,6899126,"Europe",26.4413949365353,4.9424728756989,2.0811513940962,11.1550064021101
"SSD","South Sudan",30.7373478613476,39.7909332940047,13.0864589618101,57.648,10698467,"Africa",36.1096110063047,60.2090667059953,86.9135410381899,61.0774062501633
"STP","Sao Tome and Principe",27.3357522767854,76.8423036078909,47.1080132831109,67.979,217435,"Africa",32.1134857090482,23.1576963921091,52.8919867168891,36.0543896060155
"SUR","Suriname",27.3059698425997,97.9896319071823,89.9542117560027,72.321,612317,"Americas",32.0784979112031,2.0103680928177,10.0457882439973,14.711551416006
"SVK","Slovak Republic",15.3916194257365,99.7877016868458,97.5326284865492,76.8658536585366,5458827,"Europe",18.0817614039932,0.212298313154193,2.4673715134508,6.92047707686606
"SVN","Slovenia",14.2911527506818,99.5895466181777,98.3645255759469,80.5317073170732,2102419,"Europe",16.7889555399064,0.410453381822293,1.6354744240531,6.27829444859392
"SWE","Sweden",5.63670790600148,99.7286050632105,98.8147945547194,82.3560975609756,10353442,"Europe",6.62188978567756,0.271394936789505,1.1852054452806,2.69283005591589
"SWZ","Eswatini",18.7831211422857,75.5136191882992,62.0647533053702,59.862,1192729,"Africa",22.0660286304382,24.4863808117008,37.9352466946298,28.1625520455896
"SYC","Seychelles",8.49983857722866,97.0338421453993,98.8969906145227,77.2365853658537,98462,"Africa",9.98543745623773,2.9661578546007,1.10300938547731,4.68486823210524
"SYR","Syrian Arab Republic",24.7058382627422,94.0143506731298,94.3003801258049,71.944,21049429,"Asia",29.0239162232387,5.9856493268702,5.69961987419509,13.569728474768
"TCD","Chad",49.1388484128027,51.195378612918,12.5503209104072,53.082,17224679,"Africa",57.7273195295869,48.804621387082,87.4496790895928,64.6605400020872
"TGO","Togo",51.6661369398223,62.0075237539343,22.6992561746885,61.14,8669720,"Africa",60.6963266808556,37.9924762460657,77.3007438253115,58.6631822507443
"THA","Thailand",31.0072016277159,99.487572734038,98.0344733663979,77.331,71641484,"Asia",36.4266297216506,0.512427265962003,1.9655266336021,12.9681945404049
"TJK","Tajikistan",37.0534062306267,86.2958090457045,95.9796685499025,68.605,9749310,"Asia",43.5295878968478,13.7041909542955,4.0203314500975,20.4180367670803
"TKM","Turkmenistan",19.5997611438189,99.3966548614914,99.3549516187618,68.846,6949912,"Asia",23.0254006920933,0.603345138508601,0.645048381238198,8.09126473728003
"TLS","Timor-Leste",17.4104661970888,80.8664062920622,63.1237035257288,66.919,1326053,"Asia",20.4534615234605,19.1335937079378,36.8762964742712,25.4877839018898
"TON","Tonga",12.4784129504796,98.7700847369517,93.5041088737025,72.379,105704,"Oceania",14.6593856975043,1.2299152630483,6.49589112629749,7.46173069561669
"TTO","Trinidad and Tobago",25.6022583642289,98.7316957265811,94.2350621411755,72.645,1366725,"Americas",30.077012323427,1.26830427341891,5.7649378588245,12.3700848185568
"TUN","Tunisia",24.1829826735327,95.120374054685,95.4060813673203,75.004,11974057,"Africa",28.4096761129991,4.879625945315,4.5939186326797,12.6277402303313
"TUR","Turkiye",21.6120469179783,95.9525757495893,99.2307423449242,76.525,83384680,"Asia",25.3893930855226,4.0474242504107,0.769257655075805,10.0686916636697
"TUV","Tuvalu",5.91780105591262,98.8162535576204,88.0017857400393,66.357,10399,"Oceania",6.95211230017732,1.1837464423796,11.9982142599607,6.71135766750588
"TZA","Tanzania",25.081431153535,58.4288709914851,31.1602899873696,66.771,60972798,"Africa",29.4651551110062,41.5711290085149,68.8397100126304,46.6253313773838
"UGA","Uganda",33.8077192571642,56.2751724073816,22.4171466106688,66.41,44457152,"Africa",39.7166208644077,43.7248275926184,77.5828533893312,53.6747672821191
"UKR","Ukraine",14.90010098879,93.4712072863379,97.3954990991366,73.283,44680014,"Europe",17.5043355427697,6.5287927136621,2.6045009008634,8.87920971909839
"URY","Uruguay",10.5717923259135,99.5703038278437,98.0693333151527,78.381,3398968,"Americas",12.4195265723696,0.429696172156298,1.9306666848473,4.92662980979105
"USA","United States",7.81485752365112,99.8204204612721,99.6662725669219,76.9804878048781,331577720,"Americas",9.1807356484257,0.179579538727893,0.333727433078096,3.23134754007723
"UZB","Uzbekistan",31.9604294559849,95.9578060001248,96.0621184881157,71.461,33586372,"Asia",37.5464623836762,4.0421939998752,3.9378815118843,15.1755126318119
"VEN","Venezuela, RB",15.2565796212874,93.6858007093452,96.9860648116858,72.369,28444077,"Americas",17.9231193887152,6.3141992906548,3.01393518831421,9.08375128922807
"VIR","Virgin Islands (U.S.)",8.63342756669479,99.3776550086142,99.2389441193662,79.819512195122,106290,"Americas",10.1423750835863,0.622344991385802,0.761055880633805,3.8419253185353
"VNM","Viet Nam",20.8010641731194,96.2941639364055,88.5744092568809,75.383,98079191,"Asia",24.4366670539282,3.7058360635945,11.4255907431191,13.1893646202139
"VUT","Vanuatu",14.0824115364695,86.8609488493879,49.3338166328635,70.385,298858,"Oceania",16.5437306076776,13.1390511506121,50.6661833671365,26.7829883751421
"WSM","Samoa",12.5518952802963,96.3864371758172,96.0821241161349,70.727,211944,"Oceania",14.7457112437904,3.61356282418279,3.91787588386509,7.42571665061277
"YEM","Yemen, Rep.",34.8323598356099,68.2329200343338,59.8436190728003,66.435,36134863,"Asia",40.9203477726578,31.7670799656662,40.1563809271997,37.6146028885079
"ZAF","South Africa",23.753069242361,91.1598368082793,74.917857781457,65.15,60562381,"Africa",27.9046225593867,8.84016319172071,25.082142218543,20.6089759898835
"ZMB","Zambia",24.3085919008655,69.1403580014109,34.4868129715486,63.361,19059395,"Africa",28.5572392781183,30.8596419985891,65.5131870284514,41.6433561017196
"ZWE","Zimbabwe",19.4941796611344,67.1664236498224,35.1923620543494,61.53,15526888,"Africa",22.9013657139812,32.8335763501776,64.8076379456506,40.1808600032698
